order_num,warehouse,customer_num,order_dtg
TF1810050020220,SH01,34,2018-10-29 13:02:50
TF1810050020418,SH01,262,2018-10-24 14:21:19
TF1810050020171,SH01,109,2018-10-13 12:05:19
TF1810050020204,SH01,82,2018-10-17 01:32:19
TF1810050020160,SH01,47,2018-10-30 23:48:33
TF1810050020145,SH01,74,2018-10-18 04:24:45
TF1810050020081,SH01,92,2018-10-22 09:25:48
TF1810050009405,SH01,221,2018-10-22 17:03:10
TF1810050020376,SH01,83,2018-10-19 00:20:06
TF1810050009236,SH01,197,2018-10-30 13:22:30
TF1810050020364,SH01,265,2018-10-02 01:18:01
TF1810050020155,SH01,272,2018-10-02 13:24:38
TF1810050009257,SH01,264,2018-10-12 12:03:15
TF1810050019637,SH01,272,2018-10-11 06:17:56
TF1810050009645,SH01,69,2018-10-30 03:08:59
TF1810090016427,SH01,159,2018-10-15 15:28:48
TF1810080020674,SH01,122,2018-10-14 06:19:56
TF1810070018987,SH01,252,2018-10-20 01:21:28
TF1810090016409,SH01,278,2018-10-31 10:35:47
TF1810080020777,SH01,250,2018-10-02 22:30:22
TF1810090016442,SH01,77,2018-10-24 06:37:48
TF1810090016600,SH01,26,2018-10-10 02:00:11
TF1810090016487,SH01,51,2018-10-15 21:13:16
TF1810080028639,SH01,49,2018-10-10 08:50:51
TF1810080027679,SH01,173,2018-10-29 06:06:17
TF1810090016034,SH01,111,2018-10-29 15:52:41
TF1810080028667,SH01,285,2018-10-03 19:23:00
TF1810090016054,SH01,41,2018-10-17 02:53:36
TF1810090016027,SH01,116,2018-10-16 17:11:05
608051325,SH01,30,2018-10-28 08:52:41
608056334,SH01,201,2018-10-13 01:36:42
TF1810050020329,SH01,75,2018-10-09 14:37:14
TF1810050009290,SH01,149,2018-10-25 12:49:31
TF1810050009314,SH01,73,2018-10-25 17:01:55
TF1810050009802,SH01,3,2018-10-05 13:45:06
TF1810050020162,SH01,272,2018-10-24 20:52:15
TF1810050009676,SH01,41,2018-10-09 01:28:30
TF1810080021046,SH01,129,2018-10-03 06:02:18
TF1810070019022,SH01,260,2018-10-07 07:05:43
TF1810070019143,SH01,7,2018-10-09 03:01:23
TF1810090016681,SH01,203,2018-10-25 19:54:45
TF1810080028605,SH01,208,2018-10-13 06:02:43
TF1810050020209,SH01,160,2018-10-27 09:59:07
TF1810090016695,SH01,106,2018-10-21 18:12:45
TF1810120016231,SH01,239,2018-10-25 03:05:04
TF1810120016687,SH01,14,2018-10-27 00:55:26
TF1810120021235,SH01,132,2018-10-11 06:12:11
TF1810120021045,SH01,222,2018-10-20 16:20:55
TF1810110014166,SH01,243,2018-10-13 04:57:12
TF1810050009425,SH01,91,2018-10-14 12:52:12
TF1810050020041,SH01,73,2018-10-19 07:57:11
TF1810050020303,SH01,178,2018-10-07 04:34:06
TF1810090015952,SH01,218,2018-10-09 18:02:48
TF1810090015833,SH01,168,2018-10-04 19:27:07
TF1810080021061,SH01,31,2018-10-12 16:11:20
TF1810080028256,SH01,133,2018-10-19 06:59:15
TF1810120020838,SH01,59,2018-10-20 09:04:09
TF1810120021066,SH01,280,2018-10-06 15:44:23
TF1810120021209,SH01,118,2018-10-18 12:55:08
TF1810120013837,SH01,53,2018-10-15 04:41:46
TF1810110014080,SH01,231,2018-10-08 08:42:58
TF1810050020369,SH01,218,2018-10-25 08:45:59
TF1810050009600,SH01,280,2018-10-01 06:55:01
TF1810050009834,SH01,219,2018-10-16 00:26:16
TF1810050009708,SH01,167,2018-10-23 00:29:47
TF1810120020742,SH01,77,2018-10-03 23:52:34
TF1810110014188,SH01,68,2018-10-16 16:24:56
TF1810130004526,SH01,4,2018-10-31 03:07:47
TF1810120020964,SH01,263,2018-10-06 04:02:27
TF1810110014152,SH01,86,2018-10-03 19:29:11
TF1810120013754,SH01,77,2018-10-08 13:11:03
TF1810120016653,SH01,77,2018-10-07 08:35:53
TF1810120013956,SH01,271,2018-10-16 12:10:42
TF1810070018940,SH01,74,2018-10-25 21:09:39
TF1810070019189,SH01,74,2018-10-11 10:28:58
TF1810080027495,SH01,217,2018-10-14 16:09:15
TF1810090016761,SH01,63,2018-10-06 04:59:49
TF1810080028172,SH01,273,2018-10-19 17:34:55
TF1810090016808,SH01,6,2018-10-09 03:55:40
TF1810080028621,SH01,134,2018-10-11 02:24:04
TF1810080027954,SH01,96,2018-10-28 16:36:41
TF1810170016127,SH01,226,2018-10-31 08:16:33
TF1810170016362,SH01,105,2018-10-26 04:57:40
TF1810170016147,SH01,157,2018-10-11 16:46:13
TF1810170016188,SH01,158,2018-10-24 09:49:17
TF1810160006874,SH01,133,2018-10-26 19:27:06
TF1810170016139,SH01,27,2018-10-08 16:35:58
TF1810170016223,SH01,182,2018-10-19 21:41:25
TF1810170014094,SH01,56,2018-10-22 07:51:50
TF1810090016626,SH01,264,2018-10-03 08:44:47
608051324,SH01,25,2018-10-02 15:39:27
608056489,SH01,217,2018-10-11 20:36:48
TF1810050020227,SH01,296,2018-10-12 17:08:45
TF1810160006894,SH01,195,2018-10-07 18:38:19
TF1810170016785,SH01,200,2018-10-21 13:01:19
TF1810160006534,SH01,197,2018-10-06 12:30:58
TF1810050020205,SH01,201,2018-10-23 13:50:38
TF1810050009866,SH01,2,2018-10-10 11:10:24
TF1810050023647,SH01,22,2018-10-08 15:24:27
TF1810050023450,SH01,49,2018-10-25 12:18:24
TF1810050020218,SH01,184,2018-10-04 09:38:01
TF1810050009588,SH01,7,2018-10-19 13:03:38
TF1810050009562,SH01,87,2018-10-23 13:09:01
TF1810060006515,SH01,288,2018-10-11 17:22:34
TF1810050023675,SH01,166,2018-10-21 16:12:49
TF1810050023510,SH01,127,2018-10-10 23:45:44
TF1810060021915,SH01,69,2018-10-13 08:25:01
TF1810050023819,SH01,140,2018-10-30 04:12:15
TF1810050019710,SH01,56,2018-10-12 20:35:02
TF1810080020865,SH01,31,2018-10-21 05:09:58
TF1810080027787,SH01,48,2018-10-09 10:41:15
TF1810050020339,SH01,39,2018-10-07 16:39:28
TF1810050020060,SH01,184,2018-10-02 06:16:51
TF1810050023586,SH01,189,2018-10-21 00:12:04
TF1810050023652,SH01,258,2018-10-14 23:44:16
TF1810170014183,SH01,98,2018-10-12 08:25:40
TF1810080027925,SH01,242,2018-10-17 06:44:28
TF1810080027724,SH01,7,2018-10-28 22:35:05
TF1810050020181,SH01,77,2018-10-22 05:55:58
TF1810050020177,SH01,76,2018-10-12 13:22:39
TF1810050019662,SH01,27,2018-10-29 03:17:11
TF1810170014226,SH01,151,2018-10-15 10:33:08
TF1810170016762,SH01,33,2018-10-30 02:01:45
TF1810170009929,SH01,224,2018-10-11 09:55:01
TF1810160006834,SH01,197,2018-10-28 09:18:04
TF1810170014244,SH01,269,2018-10-01 05:51:24
TF1810170009442,SH01,73,2018-10-16 11:22:45
TF1810170014278,SH01,238,2018-10-11 23:09:45
TF1810170016595,SH01,5,2018-10-10 02:37:56
TF1810090016375,SH01,170,2018-10-17 21:04:10
TF1810090016709,SH01,79,2018-10-22 09:44:58
TF1810120008366,SH01,37,2018-10-03 05:51:51
TF1810050009689,SH01,279,2018-10-27 13:13:52
TF1810050020070,SH01,216,2018-10-21 13:43:54
TF1810120016879,SH01,59,2018-10-24 12:24:44
TF1810120013610,SH01,190,2018-10-02 13:52:53
TF1810120016467,SH01,223,2018-10-16 00:52:46
TF1810080028311,SH01,166,2018-10-04 08:56:40
TF1810170010265,SH01,191,2018-10-15 08:36:19
TF1810170013902,SH01,127,2018-10-18 12:35:03
TF1810170013923,SH01,257,2018-10-18 14:59:12
TF1810120021155,SH01,76,2018-10-03 14:09:34
TF1810120007428,SH01,27,2018-10-07 11:54:53
TF1810090016501,SH01,124,2018-10-20 20:34:31
608051327,SH01,239,2018-10-23 22:51:25
TF1810080028670,SH01,204,2018-10-20 01:23:45
TF1810080028668,SH01,203,2018-10-24 16:40:59
TF1810120020950,SH01,181,2018-10-25 04:02:55
TF1810120017019,SH01,138,2018-10-13 12:34:31
TF1810050019772,SH01,239,2018-10-25 01:20:50
TF1810080028615,SH01,82,2018-10-13 16:34:24
TF1810160006816,SH01,236,2018-10-26 22:05:22
TF1810170016239,SH01,37,2018-10-19 03:52:23
TF1810170014121,SH01,202,2018-10-02 23:39:46
TF1810170013765,SH01,191,2018-10-25 15:02:29
TF1810050009751,SH01,296,2018-10-25 18:13:17
TF1810170016693,SH01,159,2018-10-07 05:33:23
TF1810170016156,SH01,64,2018-10-21 12:32:54
TF1810170016920,SH01,231,2018-10-23 11:54:33
TF1810170014329,SH01,269,2018-10-22 11:33:28
TF1810160006842,SH01,235,2018-10-01 23:39:34
TF1810060006285,SH01,83,2018-10-12 16:15:32
TF1810060006619,SH01,213,2018-10-02 17:52:40
TF1810170016537,SH01,133,2018-10-26 09:43:59
TF1810170016741,SH01,228,2018-10-20 07:25:16
TF1810170016778,SH01,11,2018-10-11 19:15:56
TF1810170009424,SH01,200,2018-10-04 17:29:40
TF1810170014003,SH01,228,2018-10-06 11:50:46
608056333,SH01,45,2018-10-01 17:57:17
TF1810080028640,SH01,258,2018-10-13 09:25:55
TF1810060021824,SH01,54,2018-10-14 14:29:52
TF1810060021717,SH01,104,2018-10-15 11:44:33
TF1810060021642,SH01,128,2018-10-21 13:06:40
TF1810070018876,SH01,53,2018-10-12 06:37:35
TF1810080021104,SH01,237,2018-10-13 20:54:01
TF1810080021422,SH01,211,2018-10-28 09:39:17
TF1810070018854,SH01,124,2018-10-19 16:40:37
TF1810080021281,SH01,61,2018-10-09 01:09:25
TF1810070018612,SH01,261,2018-10-15 00:40:52
TF1810100012772,SH01,26,2018-10-29 18:48:51
TF1810100012953,SH01,54,2018-10-21 04:16:50
608032690,SH01,239,2018-10-24 00:28:19
608045192,SH01,46,2018-10-04 20:45:05
TF1810170020551,SH01,86,2018-10-20 21:58:49
TF1810170020001,SH01,189,2018-10-03 13:46:52
TF1810170019865,SH01,248,2018-10-22 19:48:31
TF1810170019816,SH01,13,2018-10-05 19:17:55
TF1810190017733,SH01,65,2018-10-24 07:29:33
TF1810190017841,SH01,157,2018-10-21 14:24:26
TF1810190018504,SH01,276,2018-10-10 16:00:24
TF1810170019929,SH01,201,2018-10-27 02:18:38
TF1810080021250,SH01,169,2018-10-16 20:30:44
TF1810170016225,SH01,38,2018-10-18 05:19:56
TF1810170010147,SH01,104,2018-10-28 08:55:16
TF1810170016718,SH01,147,2018-10-04 08:27:44
TF1810170009452,SH01,250,2018-10-08 01:04:10
608051326,SH01,7,2018-10-11 13:11:05
608062683,SH01,66,2018-10-18 21:53:55
TF1810060021905,SH01,293,2018-10-18 17:44:59
TF1810170016702,SH01,218,2018-10-06 05:25:01
TF1810050019651,SH01,96,2018-10-09 17:24:53
TF1810060021807,SH01,142,2018-10-07 00:02:37
TF1810170009510,SH01,81,2018-10-23 06:36:10
TF1810170010244,SH01,73,2018-10-04 17:29:46
TF1810170014161,SH01,185,2018-10-01 13:58:26
TF1810170016605,SH01,222,2018-10-10 13:06:58
TF1810170016570,SH01,152,2018-10-28 13:14:46
TF1810170009492,SH01,168,2018-10-26 07:55:02
TF1810170009383,SH01,255,2018-10-19 09:39:59
TF1810050020153,SH01,212,2018-10-17 01:40:36
TF1810050019867,SH01,160,2018-10-08 04:25:04
TF1810160006573,SH01,172,2018-10-30 09:10:38
TF1810170016274,SH01,21,2018-10-20 16:26:45
TF1810170009411,SH01,248,2018-10-24 10:42:07
TF1810170010093,SH01,46,2018-10-23 08:37:06
TF1810170010451,SH01,206,2018-10-21 22:46:30
TF1810060006516,SH01,139,2018-10-04 01:04:36
TF1810170016648,SH01,135,2018-10-07 21:53:46
TF1810190018390,SH01,144,2018-10-10 07:53:37
TF1810060021838,SH01,212,2018-10-28 04:19:44
TF1810170010424,SH01,293,2018-10-30 08:01:03
TF1810170009482,SH01,156,2018-10-16 19:54:18
TF1810170016265,SH01,268,2018-10-21 07:24:39
TF1810080028342,SH01,263,2018-10-16 01:33:00
TF1810190018328,SH01,138,2018-10-02 01:15:44
TF1810190018188,SH01,99,2018-10-28 06:32:58
TF1810170019945,SH01,22,2018-10-26 05:57:07
TF1810170020256,SH01,197,2018-10-29 09:17:15
TF1810170020106,SH01,166,2018-10-11 16:57:34
TF1810170020118,SH01,14,2018-10-24 02:26:47
TF1810170009519,SH01,273,2018-10-07 22:39:06
TF1810170016558,SH01,85,2018-10-29 23:03:39
TF1810060021688,SH01,5,2018-10-16 13:15:36
TF1810060021781,SH01,230,2018-10-01 12:22:42
608051323,SH01,295,2018-10-22 04:41:46
TF1810170016496,SH01,75,2018-10-28 06:54:30
TF1810170016153,SH01,174,2018-10-11 03:04:08
TF1810170016848,SH01,129,2018-10-04 06:30:36
TF1810170016840,SH01,285,2018-10-27 09:35:12
TF1810170014303,SH01,190,2018-10-10 10:38:39
TF1810170013843,SH01,298,2018-10-01 22:19:57
TF1810170016455,SH01,219,2018-10-23 01:47:27
TF1810170010186,SH01,54,2018-10-18 18:17:09
TF1810170016711,SH01,233,2018-10-17 06:41:14
TF1810170016753,SH01,119,2018-10-24 13:07:22
TF1810170014016,SH01,268,2018-10-30 01:54:24
TF1810170010348,SH01,87,2018-10-14 01:41:02
TF1810170010230,SH01,153,2018-10-09 03:35:00
TF1810170016345,SH01,115,2018-10-29 02:57:15
TF1810050023811,SH01,169,2018-10-08 01:02:23
TF1810100012850,SH01,3,2018-10-23 04:13:22
TF1810070018731,SH01,170,2018-10-28 14:26:16
TF1810070018861,SH01,151,2018-10-11 20:40:04
TF1810060006600,SH01,227,2018-10-21 05:24:56
TF1810060021767,SH01,185,2018-10-13 07:02:17
TF1810060006598,SH01,211,2018-10-17 02:15:01
TF1810060006536,SH01,292,2018-10-14 00:16:13
TF1810060021899,SH01,213,2018-10-05 18:16:18
TF1810060006722,SH01,45,2018-10-25 22:33:03
TF1810060021671,SH01,72,2018-10-26 09:10:42
TF1810050023516,SH01,141,2018-10-28 11:25:43
TF1810060006580,SH01,119,2018-10-28 15:33:26
TF1810170016872,SH01,171,2018-10-05 19:38:08
TF1810060006599,SH01,19,2018-10-02 18:46:28
TF1810170010215,SH01,104,2018-10-23 07:39:16
TF1810170009719,SH01,142,2018-10-16 08:31:41
TF1810170019931,SH01,149,2018-10-19 03:34:45
TF1810170020405,SH01,23,2018-10-05 22:30:09
TF1810170020042,SH01,53,2018-10-21 22:13:55
TF1810190006172,SH01,241,2018-10-20 08:43:30
TF1810190006110,SH01,141,2018-10-23 13:18:51
TF1810100016233,SH01,259,2018-10-17 08:33:08
TF1810100006340,SH01,195,2018-10-21 13:55:03
TF1810170020388,SH01,109,2018-10-18 05:17:34
TF1810060021580,SH01,205,2018-10-26 05:48:44
TF1810050019690,SH01,261,2018-10-27 16:52:16
608263690,SH01,4,2018-10-26 15:08:22
608062682,SH01,257,2018-10-08 21:28:39
608263688,SH01,290,2018-10-24 18:39:48
TF1810100012763,SH01,250,2018-10-09 08:21:47
608032341,SH01,79,2018-10-21 16:40:57
608044836,SH01,238,2018-10-21 08:39:49
608037952,SH01,55,2018-10-09 04:25:49
TF1810100012747,SH01,136,2018-10-11 19:31:45
TF1810080020643,SH01,276,2018-10-08 23:42:41
TF1810170010159,SH01,44,2018-10-04 08:32:17
TF1810060021678,SH01,130,2018-10-04 07:35:23
TF1810060022903,SH01,62,2018-10-14 22:26:51
TF1810060022803,SH01,57,2018-10-24 14:58:02
TF1810060022952,SH01,198,2018-10-18 15:45:51
TF1810170020525,SH01,131,2018-10-10 06:45:26
608038373,SH01,36,2018-10-15 22:18:50
TF1810060006659,SH01,294,2018-10-14 09:56:23
TF1810060006458,SH01,271,2018-10-30 11:23:43
TF1810170016481,SH01,147,2018-10-07 02:28:06
608062684,SH01,157,2018-10-21 17:16:30
TF1810060021571,SH01,117,2018-10-16 16:50:11
TF1810170016133,SH01,127,2018-10-17 03:48:12
TF1810170010432,SH01,132,2018-10-22 18:32:48
TF1810100012640,SH01,78,2018-10-03 10:54:56
TF1810100012699,SH01,239,2018-10-12 11:49:29
TF1810100012839,SH01,16,2018-10-14 22:44:08
TF1810100012606,SH01,220,2018-10-07 23:36:57
TF1810170020460,SH01,261,2018-10-03 21:18:23
TF1810170020529,SH01,167,2018-10-13 23:53:48
TF1810060006457,SH01,153,2018-10-10 11:14:42
TF1810060006601,SH01,238,2018-10-09 17:04:58
608045191,SH01,211,2018-10-12 13:13:29
TF1810170016933,SH01,248,2018-10-17 14:15:59
TF1810170014318,SH01,240,2018-10-08 02:00:03
TF1810130006010,SH01,288,2018-10-14 18:58:20
TF1810060006518,SH01,48,2018-10-10 14:54:13
TF1810060021536,SH01,115,2018-10-08 22:04:39
TF1810170016880,SH01,177,2018-10-11 04:58:01
608263685,SH01,58,2018-10-10 23:48:01
TF1810170016207,SH01,56,2018-10-29 17:43:34
TF1810080021317,SH01,43,2018-10-05 09:03:55
TF1810100012915,SH01,175,2018-10-08 18:21:10
TF1810190006100,SH01,69,2018-10-24 03:57:21
TF1810190006178,SH01,212,2018-10-22 20:28:59
608045190,SH01,245,2018-10-27 15:57:18
608263691,SH01,237,2018-10-24 05:40:47
TF1810190018042,SH01,180,2018-10-01 17:31:15
TF1810130017166,SH01,186,2018-10-04 07:15:58
TF1810130006711,SH01,78,2018-10-08 11:12:38
TF1810130006758,SH01,84,2018-10-27 18:44:22
TF1810190019633,SH01,177,2018-10-25 09:58:12
TF1810190014496,SH01,53,2018-10-22 18:48:46
608032691,SH01,23,2018-10-03 22:14:23
608044838,SH01,137,2018-10-06 08:37:04
TF1810170020198,SH01,71,2018-10-08 03:18:30
TF1810190007947,SH01,235,2018-10-17 23:37:17
TF1810170020487,SH01,129,2018-10-10 16:18:26
TF1810100012801,SH01,251,2018-10-21 11:52:20
TF1810060021518,SH01,254,2018-10-28 10:08:50
TF1810110007238,SH01,90,2018-10-24 02:42:47
TF1810110007062,SH01,257,2018-10-04 12:59:35
TF1810110006796,SH01,120,2018-10-09 12:12:28
TF1810110006839,SH01,200,2018-10-06 03:27:47
TF1810170020168,SH01,207,2018-10-28 09:46:21
608038370,SH01,152,2018-10-15 16:09:55
TF1810170020193,SH01,8,2018-10-11 10:19:12
TF1810060021944,SH01,165,2018-10-13 13:19:03
TF1810110007284,SH01,182,2018-10-10 21:05:29
TF1810220018802,SH01,186,2018-10-05 08:51:57
TF1810220016415,SH01,74,2018-10-07 22:47:05
TF1810190018884,SH01,43,2018-10-08 22:22:26
TF1810220018615,SH01,264,2018-10-17 09:44:53
TF1810190019038,SH01,280,2018-10-06 19:57:10
TF1810190014559,SH01,17,2018-10-02 07:12:53
TF1810220016896,SH01,211,2018-10-13 12:04:49
TF1810190018747,SH01,171,2018-10-24 15:55:01
TF1810220016344,SH01,132,2018-10-05 17:46:40
TF1810220019160,SH01,173,2018-10-17 17:28:39
TF1810220018773,SH01,26,2018-10-26 01:35:01
TF1810220016843,SH01,218,2018-10-25 15:37:20
TF1810220018946,SH01,62,2018-10-19 10:54:50
TF1810220016716,SH01,215,2018-10-26 01:05:19
TF1810060022666,SH01,240,2018-10-05 15:06:44
TF1810060022979,SH01,133,2018-10-09 06:10:02
TF1810060022873,SH01,60,2018-10-25 13:40:00
TF1810060023040,SH01,32,2018-10-25 11:33:33
TF1810190019158,SH01,153,2018-10-13 12:08:16
TF1810190014705,SH01,283,2018-10-12 08:15:37
TF1810060023013,SH01,170,2018-10-04 10:29:48
TF1810060022810,SH01,68,2018-10-13 16:50:32
TF1810060022983,SH01,256,2018-10-17 00:07:22
TF1810220018906,SH01,167,2018-10-25 08:49:27
TF1810220016968,SH01,181,2018-10-27 19:07:42
TF1810220016474,SH01,192,2018-10-12 16:20:28
608499671,SH01,254,2018-10-04 13:51:15
TF1810170019259,SH01,77,2018-10-26 01:39:28
TF1810170019289,SH01,40,2018-10-17 05:23:46
TF1810170019693,SH01,188,2018-10-31 10:53:52
TF1810060006383,SH01,79,2018-10-21 21:11:03
TF1810060023032,SH01,226,2018-10-08 10:32:11
TF1810170010365,SH01,71,2018-10-31 08:27:51
TF1810170019534,SH01,155,2018-10-29 20:59:33
TF1810170016007,SH01,285,2018-10-04 22:28:12
TF1810180015647,SH01,71,2018-10-14 15:21:41
TF1810170019597,SH01,189,2018-10-18 22:53:19
TF1810170015938,SH01,265,2018-10-05 05:22:29
TF1810170019422,SH01,160,2018-10-13 21:07:00
TF1810180010993,SH01,83,2018-10-24 06:30:52
TF1810170019468,SH01,229,2018-10-01 02:08:37
TF1810110006850,SH01,11,2018-10-17 06:40:46
TF1810110016417,SH01,3,2018-10-02 20:26:16
TF1810150005205,SH01,48,2018-10-10 04:16:15
TF1810150005282,SH01,208,2018-10-11 04:33:02
TF1810150005101,SH01,69,2018-10-14 16:43:46
TF1810150005014,SH01,218,2018-10-27 09:33:50
TF1810120021543,SH01,119,2018-10-31 10:36:54
TF1810180015664,SH01,161,2018-10-25 16:54:37
TF1810190008069,SH01,249,2018-10-05 03:03:47
TF1810170020279,SH01,228,2018-10-29 13:21:04
TF1810190007907,SH01,23,2018-10-04 16:51:47
TF1810190019120,SH01,92,2018-10-24 23:02:07
TF1810230015324,SH01,11,2018-10-07 19:00:29
TF1810230015110,SH01,154,2018-10-08 01:29:48
TF1810230015141,SH01,266,2018-10-04 17:31:27
TF1810170019344,SH01,151,2018-10-22 16:40:22
TF1810170019499,SH01,199,2018-10-24 21:53:54
TF1810180015766,SH01,179,2018-10-19 07:41:51
TF1810170019668,SH01,153,2018-10-25 16:11:14
TF1810180015818,SH01,152,2018-10-25 06:38:59
TF1810190018998,SH01,120,2018-10-31 10:23:43
TF1810220016926,SH01,295,2018-10-27 17:59:34
TF1810100012857,SH01,44,2018-10-01 22:58:04
TF1810220019244,SH01,124,2018-10-02 03:00:48
TF1810190019471,SH01,199,2018-10-23 22:30:52
TF1810220016856,SH01,75,2018-10-05 06:21:23
TF1810190014635,SH01,26,2018-10-25 15:54:25
TF1810220016583,SH01,136,2018-10-23 09:18:50
TF1810220019189,SH01,102,2018-10-04 06:47:28
TF1810220016914,SH01,153,2018-10-28 19:56:57
TF1810220016956,SH01,12,2018-10-22 07:00:00
TF1810220018933,SH01,250,2018-10-01 11:23:42
TF1810170019590,SH01,99,2018-10-30 13:34:18
TF1810220018596,SH01,233,2018-10-18 00:50:07
TF1810220016520,SH01,13,2018-10-29 18:09:52
TF1810190018294,SH01,155,2018-10-21 16:02:05
TF1810190006164,SH01,61,2018-10-11 22:06:01
608062681,SH01,81,2018-10-17 09:18:09
TF1810190018231,SH01,121,2018-10-04 06:58:19
TF1810230015148,SH01,224,2018-10-23 23:27:42
TF1810230015266,SH01,268,2018-10-12 09:27:56
TF1810230015159,SH01,129,2018-10-11 23:48:21
TF1810230015261,SH01,69,2018-10-23 23:13:05
TF1810230015233,SH01,148,2018-10-17 06:03:11
608536591,SH01,158,2018-10-13 19:30:16
TF1810240016781,SH01,233,2018-10-01 13:25:59
TF1810220016680,SH01,45,2018-10-20 11:11:52
TF1810220016635,SH01,9,2018-10-29 23:42:19
TF1810190014485,SH01,208,2018-10-21 12:30:38
TF1810190014448,SH01,180,2018-10-23 15:06:49
TF1810220018987,SH01,278,2018-10-30 11:31:12
TF1810230015198,SH01,291,2018-10-27 20:16:04
TF1810170019754,SH01,136,2018-10-07 07:38:26
TF1810080020607,SH01,98,2018-10-26 05:58:06
TF1810100012670,SH01,37,2018-10-16 06:09:41
TF1810110007294,SH01,223,2018-10-17 11:11:56
TF1810110007419,SH01,258,2018-10-10 17:32:52
TF1810110006740,SH01,269,2018-10-15 16:47:33
TF1810170019617,SH01,223,2018-10-20 08:42:55
TF1810180015874,SH01,95,2018-10-10 19:44:15
TF1810130017078,SH01,298,2018-10-05 04:51:08
608038371,SH01,42,2018-10-21 03:31:02
TF1810170019335,SH01,263,2018-10-14 15:59:19
TF1810180015805,SH01,162,2018-10-31 03:19:52
TF1810190017755,SH01,208,2018-10-23 18:22:17
TF1810190019383,SH01,221,2018-10-27 07:22:08
TF1810190018895,SH01,229,2018-10-18 23:23:05
TF1810190018027,SH01,31,2018-10-29 13:22:26
TF1810190007898,SH01,263,2018-10-20 19:57:17
TF1810240017705,SH01,190,2018-10-15 22:47:33
TF1810240015441,SH01,131,2018-10-30 05:24:23
TF1810120021445,SH01,131,2018-10-03 11:06:47
TF1810120021414,SH01,37,2018-10-03 03:09:54
TF1810110016668,SH01,262,2018-10-20 08:51:06
TF1810060022818,SH01,154,2018-10-12 14:57:48
TF1810110006911,SH01,92,2018-10-09 06:23:47
TF1810110007241,SH01,143,2018-10-27 22:23:58
TF1810130005821,SH01,262,2018-10-28 02:35:30
TF1810130017127,SH01,112,2018-10-23 02:14:13
TF1810110015845,SH01,33,2018-10-14 06:08:51
TF1810130006386,SH01,291,2018-10-01 00:02:14
TF1810130005864,SH01,194,2018-10-26 04:40:18
TF1810120021687,SH01,111,2018-10-03 16:25:05
TF1810130006255,SH01,154,2018-10-17 01:45:57
TF1810060006320,SH01,246,2018-10-24 20:46:07
608499670,SH01,153,2018-10-27 18:59:39
608499672,SH01,227,2018-10-02 00:44:31
TF1810070018756,SH01,216,2018-10-18 08:56:11
TF1810070018847,SH01,257,2018-10-19 23:00:09
TF1810060023832,SH01,269,2018-10-16 16:27:53
TF1810060006377,SH01,63,2018-10-08 12:00:50
TF1810070019176,SH01,125,2018-10-09 23:01:13
TF1810050023495,SH01,31,2018-10-02 18:31:07
TF1810070019032,SH01,90,2018-10-23 18:02:16
TF1810050023461,SH01,67,2018-10-10 06:55:32
TF1810180010911,SH01,235,2018-10-18 19:35:32
TF1810110007356,SH01,74,2018-10-28 12:30:10
TF1810110007372,SH01,188,2018-10-19 14:09:41
TF1810110007331,SH01,227,2018-10-26 16:56:29
TF1810120021579,SH01,47,2018-10-19 02:45:09
TF1810180015750,SH01,201,2018-10-30 17:34:51
TF1810170019648,SH01,214,2018-10-26 20:50:23
TF1810130005814,SH01,216,2018-10-03 21:35:43
TF1810130006200,SH01,298,2018-10-13 03:27:47
TF1810130016880,SH01,276,2018-10-01 17:24:12
TF1810110016259,SH01,136,2018-10-07 20:20:23
TF1810120021932,SH01,61,2018-10-22 10:27:21
TF1810060023043,SH01,80,2018-10-15 07:41:37
TF1810170019704,SH01,76,2018-10-13 10:59:49
TF1810170019741,SH01,103,2018-10-25 06:02:02
TF1810180015934,SH01,49,2018-10-25 19:27:47
TF1810180010810,SH01,58,2018-10-26 13:49:39
TF1810050023470,SH01,27,2018-10-12 20:53:26
TF1810070018762,SH01,151,2018-10-01 06:45:47
TF1810050023785,SH01,173,2018-10-10 19:15:07
TF1810060023879,SH01,42,2018-10-20 10:22:38
608513287,SH01,177,2018-10-05 13:49:16
608512800,SH01,123,2018-10-17 05:42:05
608512798,SH01,130,2018-10-30 21:22:41
608513205,SH01,110,2018-10-12 19:37:41
608513206,SH01,189,2018-10-17 14:17:09
TF1810110007380,SH01,21,2018-10-01 03:42:26
TF1810110017309,SH01,174,2018-10-15 04:58:33
TF1810110016021,SH01,66,2018-10-27 17:01:14
TF1810110016392,SH01,171,2018-10-11 11:07:15
TF1810110016319,SH01,253,2018-10-01 22:30:44
TF1810110015726,SH01,42,2018-10-11 15:29:08
TF1810110005837,SH01,96,2018-10-08 06:03:15
TF1810110016146,SH01,268,2018-10-13 08:30:48
TF1810170016283,SH01,8,2018-10-01 00:50:38
608513208,SH01,296,2018-10-07 19:10:16
TF1810190006069,SH01,264,2018-10-28 04:31:54
TF1810200008099,SH01,267,2018-10-30 14:33:42
TF1810190014211,SH01,82,2018-10-26 02:17:07
TF1810190014200,SH01,64,2018-10-31 06:24:46
TF1810190018123,SH01,18,2018-10-28 00:13:39
TF1810190006355,SH01,231,2018-10-18 12:35:40
TF1810200007702,SH01,192,2018-10-15 01:54:01
TF1810190018490,SH01,41,2018-10-14 03:15:23
TF1810240006965,SH01,219,2018-10-04 07:59:21
TF1810240006884,SH01,241,2018-10-05 08:39:50
TF1810240006854,SH01,162,2018-10-10 08:19:38
TF1810190014954,SH01,265,2018-10-06 00:34:16
TF1810180010933,SH01,213,2018-10-22 04:24:38
TF1810230015289,SH01,184,2018-10-31 08:40:39
TF1810230015210,SH01,83,2018-10-26 10:21:16
TF1810230015221,SH01,32,2018-10-09 12:02:38
608038372,SH01,180,2018-10-15 08:04:13
608263692,SH01,78,2018-10-23 09:38:40
608263693,SH01,169,2018-10-10 16:44:26
TF1810240017614,SH01,81,2018-10-20 22:03:05
TF1810190014871,SH01,233,2018-10-18 15:00:11
TF1810240017894,SH01,152,2018-10-08 01:46:03
TF1810240017446,SH01,286,2018-10-31 09:12:54
TF1810230015102,SH01,185,2018-10-27 01:34:58
608536475,SH01,18,2018-10-22 02:02:05
TF1810240017726,SH01,193,2018-10-11 21:51:11
TF1810240017997,SH01,133,2018-10-06 11:43:07
TF1810130017002,SH01,194,2018-10-05 08:37:50
TF1810130018828,SH01,131,2018-10-22 04:28:46
TF1810130018884,SH01,160,2018-10-22 19:52:10
TF1810190013770,SH01,227,2018-10-23 13:25:49
TF1810190013790,SH01,195,2018-10-17 01:08:55
TF1810190014261,SH01,86,2018-10-18 15:18:06
TF1810190017957,SH01,199,2018-10-28 22:26:27
TF1810200007181,SH01,115,2018-10-21 07:39:14
TF1810050023737,SH01,116,2018-10-26 07:40:39
TF1810060023756,SH01,270,2018-10-07 15:06:15
TF1810190014585,SH01,39,2018-10-13 22:30:07
TF1810190019228,SH01,76,2018-10-27 03:56:05
TF1810190019282,SH01,177,2018-10-03 04:01:57
TF1810060023959,SH01,47,2018-10-02 04:52:28
TF1810060023966,SH01,106,2018-10-28 19:42:09
TF1810060023785,SH01,292,2018-10-27 11:34:25
TF1810060023697,SH01,48,2018-10-27 20:46:09
TF1810130006523,SH01,149,2018-10-08 13:48:00
TF1810130018675,SH01,27,2018-10-18 02:49:48
TF1810050023610,SH01,292,2018-10-13 23:25:30
TF1810150005341,SH01,236,2018-10-15 00:23:49
TF1810240017698,SH01,38,2018-10-06 02:10:23
TF1810240015775,SH01,230,2018-10-28 04:22:17
TF1810240017878,SH01,66,2018-10-29 20:36:39
TF1810240018133,SH01,201,2018-10-06 09:01:25
TF1810190014858,SH01,118,2018-10-16 23:50:04
TF1810190019576,SH01,104,2018-10-21 21:59:07
608530690,SH01,271,2018-10-07 15:04:46
TF1810190019235,SH01,158,2018-10-07 04:44:44
TF1810190019475,SH01,250,2018-10-27 09:45:13
TF1810180015972,SH01,117,2018-10-04 09:24:02
TF1810050023619,SH01,201,2018-10-02 23:32:47
TF1810050023686,SH01,131,2018-10-02 19:35:59
608092793,SH01,119,2018-10-17 01:18:16
TF1810060024125,SH01,78,2018-10-07 17:14:36
TF1810070018898,SH01,60,2018-10-02 04:51:32
TF1810200007608,SH01,295,2018-10-07 21:19:49
TF1810190013902,SH01,212,2018-10-09 08:52:20
TF1810240016606,SH01,229,2018-10-02 14:09:33
TF1810240016527,SH01,162,2018-10-16 23:09:50
TF1810220019047,SH01,232,2018-10-06 16:25:05
TF1810190019561,SH01,216,2018-10-25 05:20:33
TF1810110016602,SH01,267,2018-10-24 21:23:03
TF1810190017662,SH01,113,2018-10-24 22:41:13
TF1810190014157,SH01,292,2018-10-03 22:19:28
TF1810200008229,SH01,42,2018-10-16 19:18:05
TF1810220016595,SH01,25,2018-10-06 18:38:23
TF1810190018209,SH01,275,2018-10-22 00:09:29
TF1810100012676,SH01,42,2018-10-31 09:29:47
608500091,SH01,221,2018-10-07 00:38:21
TF1810100012866,SH01,239,2018-10-09 14:45:29
TF1810190018094,SH01,41,2018-10-19 16:35:46
TF1810190013909,SH01,120,2018-10-03 07:13:04
TF1810190006292,SH01,154,2018-10-25 00:07:56
TF1810210015123,SH01,298,2018-10-02 04:20:28
TF1810190018423,SH01,266,2018-10-07 19:16:02
TF1810190014108,SH01,39,2018-10-09 12:13:05
TF1810190006250,SH01,270,2018-10-22 14:34:43
TF1810190013729,SH01,209,2018-10-16 01:47:08
TF1810130018296,SH01,193,2018-10-01 20:27:33
TF1810130018809,SH01,108,2018-10-14 04:02:41
TF1810130017203,SH01,264,2018-10-04 23:42:15
TF1810220019199,SH01,299,2018-10-22 02:09:55
TF1810060022960,SH01,155,2018-10-18 10:47:36
TF1810220018542,SH01,103,2018-10-18 21:00:30
TF1810220016749,SH01,131,2018-10-18 18:22:03
TF1810130006802,SH01,240,2018-10-16 08:48:20
TF1810130015843,SH01,57,2018-10-18 03:07:24
608477468,SH01,16,2018-10-13 22:00:52
TF1810150016820,SH01,152,2018-10-10 23:54:43
TF1810130018851,SH01,1,2018-10-21 15:26:40
608477609,SH01,213,2018-10-07 17:52:03
TF1810130016969,SH01,69,2018-10-19 12:02:05
TF1810150011434,SH01,141,2018-10-11 21:45:01
TF1810150011487,SH01,210,2018-10-15 04:01:40
TF1810150016805,SH01,206,2018-10-15 06:30:37
TF1810070019138,SH01,258,2018-10-10 10:34:40
TF1810070019074,SH01,241,2018-10-31 07:36:49
TF1810060024130,SH01,53,2018-10-12 15:20:52
TF1810080020702,SH01,175,2018-10-24 14:08:54
TF1810070019078,SH01,80,2018-10-23 21:48:25
TF1810060024111,SH01,210,2018-10-14 09:33:29
TF1810080020742,SH01,101,2018-10-13 10:42:21
TF1810220018857,SH01,153,2018-10-29 22:09:48
TF1810110006708,SH01,155,2018-10-05 12:49:36
TF1810110016394,SH01,74,2018-10-03 01:51:54
TF1810190019737,SH01,232,2018-10-18 07:20:58
TF1810190019627,SH01,143,2018-10-29 11:20:57
TF1810190014654,SH01,186,2018-10-23 06:33:19
TF1810190014505,SH01,106,2018-10-21 03:59:17
TF1810220016735,SH01,91,2018-10-05 07:49:31
TF1810110007389,SH01,206,2018-10-13 21:26:46
TF1810110006887,SH01,86,2018-10-24 05:54:06
TF1810220019131,SH01,3,2018-10-10 06:39:13
TF1810060023694,SH01,157,2018-10-07 03:13:55
TF1810110006783,SH01,142,2018-10-08 03:55:25
608460769,SH01,179,2018-10-14 13:40:07
608460768,SH01,105,2018-10-19 06:10:45
TF1810150011547,SH01,23,2018-10-15 19:18:38
TF1810150017440,SH01,199,2018-10-05 05:54:34
TF1810150016838,SH01,71,2018-10-15 03:00:27
TF1810150017161,SH01,138,2018-10-13 06:03:17
TF1810190018157,SH01,18,2018-10-30 21:24:04
TF1810190014223,SH01,5,2018-10-21 01:43:53
TF1810060024078,SH01,34,2018-10-07 06:31:04
TF1810190006034,SH01,23,2018-10-09 01:35:07
608526042,SH01,266,2018-10-14 03:04:11
608461082,SH01,263,2018-10-27 01:52:33
608067177,SH01,116,2018-10-21 09:39:16
TF1810110008829,SH01,280,2018-10-17 07:13:28
608438488,SH01,262,2018-10-07 10:55:42
TF1810220019266,SH01,87,2018-10-25 07:44:13
TF1810190014668,SH01,178,2018-10-28 21:56:38
608514423,SH01,82,2018-10-17 15:46:13
608514502,SH01,273,2018-10-07 00:47:03
TF1810110016365,SH01,237,2018-10-03 07:59:11
TF1810120021793,SH01,176,2018-10-17 07:16:01
TF1810240015662,SH01,95,2018-10-27 15:59:49
TF1810240017794,SH01,180,2018-10-05 13:58:38
TF1810120021845,SH01,278,2018-10-17 19:15:27
TF1810130017215,SH01,2,2018-10-11 12:23:12
608067176,SH01,61,2018-10-18 05:43:26
608067175,SH01,287,2018-10-27 02:35:59
TF1810050023731,SH01,144,2018-10-16 10:30:59
608468803,SH01,4,2018-10-19 05:36:22
TF1810230015133,SH01,207,2018-10-24 06:23:53
TF1810070019184,SH01,10,2018-10-16 07:55:28
TF1810130016077,SH01,284,2018-10-15 00:05:52
TF1810180015887,SH01,212,2018-10-16 14:28:10
TF1810180015719,SH01,219,2018-10-28 16:17:42
TF1810240017892,SH01,13,2018-10-08 23:01:57
TF1810190014892,SH01,259,2018-10-18 22:54:33
TF1810180015898,SH01,57,2018-10-24 22:41:49
TF1810110016305,SH01,127,2018-10-21 02:24:28
608438937,SH01,251,2018-10-01 13:34:31
608514503,SH01,94,2018-10-05 23:38:30
608469472,SH01,75,2018-10-29 10:12:38
TF1810050023778,SH01,136,2018-10-24 19:44:33
TF1810110016231,SH01,117,2018-10-07 01:21:26
TF1810110015920,SH01,295,2018-10-14 03:26:02
TF1810110016330,SH01,126,2018-10-31 10:57:41
TF1810110015937,SH01,190,2018-10-12 14:23:25
608530265,SH01,155,2018-10-03 12:08:29
TF1810110015905,SH01,121,2018-10-07 03:16:32
TF1810110016095,SH01,298,2018-10-05 04:38:22
TF1810110005762,SH01,23,2018-10-14 13:54:25
TF1810110016067,SH01,62,2018-10-09 23:56:04
TF1810110016562,SH01,182,2018-10-03 09:19:28
TF1810230009528,SH01,146,2018-10-05 19:56:59
TF1810240016764,SH01,186,2018-10-19 10:29:04
TF1810240017760,SH01,75,2018-10-16 03:28:19
TF1810190014064,SH01,59,2018-10-20 17:48:55
TF1810240017677,SH01,98,2018-10-25 10:33:03
TF1810240016218,SH01,211,2018-10-17 11:21:17
608514424,SH01,1,2018-10-17 10:13:34
TF1810240017914,SH01,179,2018-10-08 07:28:17
TF1810190014817,SH01,157,2018-10-21 06:22:33
TF1810240017717,SH01,115,2018-10-03 10:11:14
TF1810110016040,SH01,161,2018-10-23 00:17:38
TF1810110015900,SH01,210,2018-10-25 17:52:22
TF1810110015939,SH01,209,2018-10-27 14:34:37
608519989,SH01,149,2018-10-27 13:36:12
TF1810200007012,SH01,231,2018-10-12 02:13:06
TF1810190006360,SH01,136,2018-10-06 13:16:10
TF1810200007782,SH01,181,2018-10-23 10:28:38
TF1810190006300,SH01,199,2018-10-10 08:31:51
TF1810190013988,SH01,263,2018-10-26 14:24:52
TF1810190014926,SH01,152,2018-10-16 22:41:56
TF1810110016276,SH01,59,2018-10-04 11:30:12
608520388,SH01,176,2018-10-27 17:56:34
TF1810060023882,SH01,75,2018-10-11 15:30:09
608536474,SH01,164,2018-10-13 16:42:42
TF1810240016400,SH01,299,2018-10-25 19:53:17
TF1810190014806,SH01,299,2018-10-06 06:58:53
608500092,SH01,2,2018-10-04 04:48:51
TF1810200007524,SH01,82,2018-10-14 04:26:30
TF1810240017761,SH01,247,2018-10-19 00:31:35
TF1810240017822,SH01,289,2018-10-16 05:28:28
TF1810240017519,SH01,141,2018-10-01 17:59:54
TF1810240017675,SH01,137,2018-10-12 11:56:17
TF1810240016183,SH01,279,2018-10-22 17:01:18
TF1810200007596,SH01,228,2018-10-20 13:41:37
TF1810240017558,SH01,116,2018-10-17 00:23:29
TF1810110016109,SH01,156,2018-10-27 15:27:53
TF1810110005831,SH01,27,2018-10-22 07:53:08
TF1810110005894,SH01,246,2018-10-09 11:36:20
TF1810110016323,SH01,235,2018-10-21 22:48:56
TF1810110015998,SH01,140,2018-10-24 08:46:52
TF1810110023596,SH01,105,2018-10-13 05:40:02
TF1810110016038,SH01,184,2018-10-26 17:45:36
TF1810060023764,SH01,227,2018-10-22 13:37:21
TF1810190018459,SH01,276,2018-10-06 17:43:08
TF1810190018561,SH01,209,2018-10-27 07:59:16
TF1810190014162,SH01,241,2018-10-30 14:14:46
TF1810110016359,SH01,296,2018-10-03 08:04:25
TF1810110015759,SH01,213,2018-10-18 22:55:30
TF1810200007369,SH01,226,2018-10-25 08:47:36
TF1810240016523,SH01,155,2018-10-23 17:04:22
TF1810240017869,SH01,109,2018-10-24 07:25:59
TF1810050023771,SH01,174,2018-10-14 11:06:05
TF1810190017979,SH01,172,2018-10-29 12:43:47
TF1810060024135,SH01,100,2018-10-05 12:17:40
TF1810200007518,SH01,50,2018-10-14 09:11:23
TF1810200007602,SH01,172,2018-10-30 15:00:51
TF1810200007777,SH01,108,2018-10-23 07:57:14
TF1810240016001,SH01,249,2018-10-29 06:04:31
TF1810240018055,SH01,251,2018-10-23 00:53:50
TF1810060023954,SH01,287,2018-10-11 13:21:29
TF1810060024063,SH01,167,2018-10-13 18:56:07
TF1810060024187,SH01,183,2018-10-20 11:47:48
TF1810240017601,SH01,268,2018-10-12 12:52:41
TF1810190014747,SH01,243,2018-10-18 22:37:53
TF1810240015890,SH01,177,2018-10-24 00:06:55
TF1810240018038,SH01,291,2018-10-09 07:01:15
TF1810240016326,SH01,231,2018-10-03 21:26:37
TF1810240017970,SH01,155,2018-10-12 13:03:18
TF1810240018080,SH01,294,2018-10-18 20:06:25
TF1810150017284,SH01,292,2018-10-24 02:41:56
TF1810200007076,SH01,108,2018-10-06 23:52:53
608507943,SH01,37,2018-10-06 13:22:45
TF1810200007095,SH01,251,2018-10-15 07:34:49
TF1810240017789,SH01,153,2018-10-19 01:43:35
TF1810110016022,SH01,58,2018-10-11 15:34:17
TF1810110015695,SH01,189,2018-10-31 02:32:59
TF1810110016187,SH01,189,2018-10-28 15:56:16
TF1810080021158,SH01,179,2018-10-10 23:15:04
TF1810150011611,SH01,35,2018-10-03 08:08:49
TF1810150017491,SH01,298,2018-10-14 22:17:56
608526041,SH01,10,2018-10-28 21:09:39
TF1810110015867,SH01,232,2018-10-19 15:49:35
TF1810200007554,SH01,158,2018-10-07 16:56:17
TF1810080021221,SH01,193,2018-10-03 08:57:52
TF1810150011446,SH01,150,2018-10-02 22:53:21
TF1810150011557,SH01,188,2018-10-27 20:43:48
TF1810150016826,SH01,30,2018-10-07 23:07:19
TF1810150017307,SH01,49,2018-10-03 16:17:55
TF1810150017372,SH01,145,2018-10-21 07:24:37
TF1810150011260,SH01,127,2018-10-05 10:27:33
608438936,SH01,5,2018-10-29 08:48:34
TF1810070018903,SH01,292,2018-10-31 10:01:24
608093069,SH01,73,2018-10-22 12:27:46
TF1810110016332,SH01,236,2018-10-28 04:43:26
608526040,SH01,126,2018-10-21 15:10:26
TF1810150017222,SH01,125,2018-10-29 02:15:50
TF1810150017087,SH01,122,2018-10-03 13:31:13
TF1810150011530,SH01,200,2018-10-04 22:33:20
TF1810150017458,SH01,210,2018-10-13 08:06:31
TF1810150017352,SH01,186,2018-10-31 07:43:30
TF1810110016590,SH01,57,2018-10-18 23:44:13
608477467,SH01,242,2018-10-05 01:27:08
TF1810150017105,SH01,167,2018-10-23 21:55:55
TF1810150011400,SH01,77,2018-10-17 19:53:31
TF1810150011519,SH01,170,2018-10-23 21:14:20
TF1810150017323,SH01,58,2018-10-19 13:24:11
608156623,SH01,267,2018-10-02 05:17:17
TF1810150017476,SH01,268,2018-10-13 23:45:19
TF1810190014272,SH01,245,2018-10-02 08:13:59
608093068,SH01,240,2018-10-31 10:16:42
TF1810200007442,SH01,39,2018-10-01 02:08:35
608507944,SH01,14,2018-10-05 02:15:53
TF1810110015803,SH01,292,2018-10-06 22:11:00
TF1810110016501,SH01,189,2018-10-18 20:27:41
TF1810240016081,SH01,69,2018-10-10 05:26:58
TF1810240015634,SH01,59,2018-10-01 15:57:44
TF1810110023783,SH01,9,2018-10-20 11:32:23
TF1810110023876,SH01,298,2018-10-31 02:04:15
TF1810110015846,SH01,133,2018-10-17 06:28:39
TF1810110005713,SH01,251,2018-10-15 11:27:09
TF1810110023657,SH01,213,2018-10-10 22:27:47
TF1810110023852,SH01,221,2018-10-14 15:45:08
TF1810110016527,SH01,107,2018-10-24 16:47:44
TF1810110023843,SH01,93,2018-10-03 09:28:12
TF1810110016581,SH01,228,2018-10-05 07:02:46
TF1810110015633,SH01,83,2018-10-15 10:19:55
TF1810110005871,SH01,146,2018-10-09 16:20:50
TF1810110016433,SH01,228,2018-10-25 09:57:13
TF1810110016176,SH01,134,2018-10-14 01:23:04
TF1810240015971,SH01,125,2018-10-11 18:03:30
TF1810110023796,SH01,25,2018-10-06 13:33:07
TF1810110023790,SH01,157,2018-10-14 13:41:46
TF1810110016189,SH01,55,2018-10-22 07:59:50
TF1810110023821,SH01,119,2018-10-01 10:39:34
TF1810110023698,SH01,294,2018-10-25 18:15:03
TF1810110023731,SH01,90,2018-10-02 17:56:40
TF1810110015713,SH01,164,2018-10-29 03:13:34
608093067,SH01,104,2018-10-06 21:48:38
TF1810110023886,SH01,203,2018-10-22 23:59:37
TF1810110023690,SH01,213,2018-10-06 23:50:10
TF1810090015230,SH01,219,2018-10-31 11:18:12
608162485,SH01,8,2018-10-26 17:01:44
608162654,SH01,213,2018-10-29 14:27:33
608162652,SH01,68,2018-10-10 05:16:46
608162653,SH01,153,2018-10-27 22:51:51
TF1810110023770,SH01,106,2018-10-12 19:49:32
608448215,SH01,102,2018-10-05 06:26:39
TF1810150017253,SH01,166,2018-10-26 22:34:14
TF1810150017395,SH01,174,2018-10-22 08:23:43
TF1810150017143,SH01,183,2018-10-09 22:12:55
TF1810150017188,SH01,57,2018-10-07 14:54:41
608157047,SH01,54,2018-10-31 01:42:40
608156633,SH01,120,2018-10-06 15:21:59
TF1810160006621,SH01,200,2018-10-04 18:10:20
TF1810160006579,SH01,110,2018-10-24 15:04:08
TF1810240016411,SH01,13,2018-10-26 06:49:46
TF1810150017235,SH01,252,2018-10-01 13:34:10
TF1810150011475,SH01,172,2018-10-09 19:06:15
TF1810250007914,SH01,276,2018-10-06 10:55:47
TF1810250007898,SH01,220,2018-10-26 21:21:22
TF1810250008066,SH01,26,2018-10-15 01:44:01
TF1810250008096,SH01,238,2018-10-11 12:51:09
TF1810250007979,SH01,113,2018-10-03 01:29:18
TF1810250008045,SH01,78,2018-10-01 06:34:59
TF1810250008148,SH01,11,2018-10-03 00:58:30
TF1810150011297,SH01,55,2018-10-29 19:50:56
608477466,SH01,296,2018-10-01 15:24:07
TF1810240016578,SH01,178,2018-10-17 16:13:55
TF1810150011603,SH01,113,2018-10-06 22:32:16
TF1810150011539,SH01,281,2018-10-18 04:27:43
TF1810150011553,SH01,138,2018-10-10 16:58:32
TF1810250008020,SH01,148,2018-10-12 00:42:12
TF1810250008085,SH01,183,2018-10-12 20:31:57
TF1810250007991,SH01,286,2018-10-29 06:31:12
TF1810150016880,SH01,131,2018-10-24 18:01:40
608156634,SH01,283,2018-10-20 16:19:55
608482883,SH01,41,2018-10-02 06:00:42
TF1810160006715,SH01,71,2018-10-16 16:26:00
TF1810160006619,SH01,39,2018-10-28 08:10:31
TF1810160006593,SH01,275,2018-10-18 15:35:55
TF1810250016597,SH01,16,2018-10-03 21:27:36
TF1810250008006,SH01,58,2018-10-29 12:07:24
TF1810250016737,SH01,21,2018-10-01 05:44:09
TF1810250016676,SH01,174,2018-10-21 05:05:03
608483287,SH01,111,2018-10-13 21:07:11
TF1810160007258,SH01,228,2018-10-13 18:02:05
608542199,SH01,46,2018-10-04 23:41:14
TF1810250008132,SH01,10,2018-10-06 11:44:06
TF1810250011095,SH01,195,2018-10-13 11:21:22
TF1810250016573,SH01,219,2018-10-16 15:06:27
TF1810250016761,SH01,235,2018-10-09 01:43:51
TF1810250014974,SH01,60,2018-10-05 05:01:46
TF1810250016531,SH01,85,2018-10-08 23:42:15
TF1810250016800,SH01,200,2018-10-10 07:43:43
TF1810250016839,SH01,77,2018-10-01 15:12:36
TF1810160019979,SH01,59,2018-10-05 21:41:47
608489686,SH01,155,2018-10-01 10:17:30
608542200,SH01,268,2018-10-17 23:44:01
TF1810270004668,SH01,220,2018-10-12 04:07:02
608548704,SH01,224,2018-10-09 19:41:25
TF1810270013694,SH01,172,2018-10-29 13:46:37
TF1810270015951,SH01,21,2018-10-30 05:24:00
TF1810270012668,SH01,180,2018-10-12 01:36:27
TF1810250011112,SH01,266,2018-10-09 01:49:24
TF1810260014420,SH01,239,2018-10-16 02:39:21
TF1810270006378,SH01,223,2018-10-12 20:14:45
TF1810270015758,SH01,226,2018-10-12 22:47:28
TF1810270006791,SH01,54,2018-10-26 19:59:35
608555889,SH01,154,2018-10-25 20:37:34
TF1810270015684,SH01,267,2018-10-15 23:42:54
TF1810270013946,SH01,153,2018-10-02 10:01:00
TF1810270013862,SH01,294,2018-10-03 17:29:20
TF1810270013593,SH01,279,2018-10-23 05:49:59
TF1810270014182,SH01,156,2018-10-22 12:39:20
TF1810270014220,SH01,134,2018-10-15 03:20:15
TF1810270013019,SH01,183,2018-10-10 22:45:22
608556017,SH01,237,2018-10-25 15:49:25
608489687,SH01,175,2018-10-27 11:23:34
TF1810250016489,SH01,121,2018-10-10 17:23:51
TF1810250011087,SH01,147,2018-10-03 16:30:10
TF1810270015430,SH01,83,2018-10-02 08:19:12
TF1810270013767,SH01,176,2018-10-02 17:46:11
TF1810270016212,SH01,74,2018-10-18 04:18:15
TF1810270009269,SH01,140,2018-10-12 21:32:09
TF1810270015876,SH01,33,2018-10-18 19:58:41
TF1810250011086,SH01,94,2018-10-19 22:33:05
TF1810260004636,SH01,76,2018-10-23 09:54:58
608548703,SH01,171,2018-10-18 18:41:11
TF1810270015626,SH01,237,2018-10-04 02:00:22
TF1810270016102,SH01,232,2018-10-07 12:02:28
TF1810270015796,SH01,5,2018-10-11 01:56:54
TF1810270015912,SH01,131,2018-10-20 01:45:34
TF1810270016231,SH01,165,2018-10-06 21:11:24
TF1810270015803,SH01,2,2018-10-29 20:05:00
608556015,SH01,133,2018-10-02 08:38:19
TF1810270015480,SH01,120,2018-10-15 12:20:30
TF1810270015839,SH01,181,2018-10-31 02:59:23
608489213,SH01,52,2018-10-15 08:26:58
608555890,SH01,129,2018-10-09 20:58:36
TF1810270015860,SH01,171,2018-10-27 01:19:39
TF1810270013022,SH01,100,2018-10-23 23:55:22
TF1810270015608,SH01,226,2018-10-22 07:19:36
TF1810270015568,SH01,148,2018-10-16 01:07:39
TF1810270015999,SH01,138,2018-10-09 18:28:38
TF1810270016267,SH01,8,2018-10-08 01:59:59
TF1810270016158,SH01,20,2018-10-24 23:54:44
TF1810270015663,SH01,254,2018-10-07 15:02:42
608489685,SH01,110,2018-10-26 19:56:17
TF1810250016869,SH01,215,2018-10-12 22:07:11
TF1810250011098,SH01,162,2018-10-22 04:15:26
TF1810250011049,SH01,28,2018-10-24 12:48:56
608545814,SH01,256,2018-10-31 11:27:10
TF1810270016371,SH01,27,2018-10-06 06:47:13
TF1810250011082,SH01,9,2018-10-28 23:20:44
TF1810270015940,SH01,218,2018-10-22 13:09:17
608489214,SH01,172,2018-10-18 19:08:47
TF1810270009109,SH01,79,2018-10-16 06:14:32
TF1810270016040,SH01,154,2018-10-20 21:36:20
TF1810270013870,SH01,34,2018-10-24 10:08:56
TF1810270016149,SH01,275,2018-10-15 04:13:16
TF1810270009206,SH01,1,2018-10-05 07:31:08
TF1810250011061,SH01,249,2018-10-28 00:39:45
TF1810270012872,SH01,293,2018-10-18 21:49:49
TF1810270016015,SH01,3,2018-10-18 07:21:27
TF1810270016064,SH01,300,2018-10-25 20:43:15
TF1810270012859,SH01,282,2018-10-19 09:22:21
TF1810270009218,SH01,188,2018-10-28 00:42:03
TF1810270012968,SH01,246,2018-10-01 23:26:03
TF1810270015810,SH01,257,2018-10-28 15:15:11
TF1810270012742,SH01,174,2018-10-08 15:06:39
TF1810270015699,SH01,167,2018-10-28 02:25:39
608548702,SH01,209,2018-10-06 05:28:00
608549162,SH01,61,2018-10-25 10:36:56
608556016,SH01,26,2018-10-15 04:24:27
TF1810270016319,SH01,172,2018-10-14 07:27:04
TF1810270016393,SH01,80,2018-10-19 23:30:48
TF1810270015549,SH01,29,2018-10-26 20:29:52
608482882,SH01,32,2018-10-07 05:57:32
TF1810270012962,SH01,298,2018-10-06 00:20:43
TF1810270012884,SH01,26,2018-10-02 00:51:06
TF1810270012973,SH01,237,2018-10-23 04:27:46
TF1810270016171,SH01,143,2018-10-13 21:55:48
TF1810270016135,SH01,86,2018-10-13 13:49:22
TF1810270016021,SH01,124,2018-10-28 04:51:58
TF1810270016197,SH01,12,2018-10-02 01:59:21
TF1810270016275,SH01,85,2018-10-28 17:00:28
TF1810270008867,SH01,298,2018-10-06 05:14:55
TF1810250011115,SH01,80,2018-10-02 15:40:05
608545820,SH01,258,2018-10-19 14:49:00
TF1810270009012,SH01,13,2018-10-19 13:35:35
TF1810270012836,SH01,86,2018-10-26 01:14:38
TF1810270008834,SH01,252,2018-10-23 06:39:09
TF1810270016248,SH01,73,2018-10-15 15:50:00
TF1810270016032,SH01,78,2018-10-11 21:50:30
TF1810270009252,SH01,95,2018-10-29 01:14:06
TF1810270008985,SH01,248,2018-10-06 21:38:00
TF1810270012699,SH01,280,2018-10-24 10:15:46
TF1810270015972,SH01,106,2018-10-08 14:54:14
TF1810270009093,SH01,9,2018-10-12 21:36:20
TF1810270016416,SH01,64,2018-10-18 20:54:27
TF1810270016382,SH01,147,2018-10-08 22:39:49
TF1810270012819,SH01,257,2018-10-30 17:17:35
TF1810270009180,SH01,262,2018-10-23 23:41:47
TF1810270013027,SH01,281,2018-10-23 13:48:20
TF1810270015499,SH01,155,2018-10-20 09:54:17
TF1810270012803,SH01,280,2018-10-27 19:05:23
TF1810270014506,SH01,147,2018-10-16 03:46:08
TF1810270012735,SH01,1,2018-10-25 06:44:55
TF1810270012815,SH01,246,2018-10-26 16:24:48
TF1810270009051,SH01,62,2018-10-02 04:01:30
TF1810270016084,SH01,107,2018-10-25 04:13:53
TF1810270015964,SH01,140,2018-10-30 17:49:01
608514504,SH01,16,2018-10-15 00:53:11
TF1810270008878,SH01,146,2018-10-19 09:41:55
TF1810270016368,SH01,209,2018-10-08 17:53:33
TF1810270015734,SH01,161,2018-10-26 07:22:16
TF1810270012982,SH01,85,2018-10-20 01:54:20
TF1810270015784,SH01,206,2018-10-19 04:27:17
TF1810270013664,SH01,136,2018-10-26 02:31:47
TF1810270016110,SH01,81,2018-10-20 12:39:41
TF1810290013478,SH01,38,2018-10-15 12:51:41
TF1810290007760,SH01,152,2018-10-01 07:03:41
TF1810290013606,SH01,23,2018-10-12 12:01:28
TF1810290016090,SH01,160,2018-10-22 15:29:40
TF1810290008056,SH01,80,2018-10-17 16:46:56
TF1810290012887,SH01,4,2018-10-18 16:43:44
TF1810290007701,SH01,56,2018-10-22 03:29:48
TF1810290007804,SH01,154,2018-10-25 17:54:16
TF1810290007611,SH01,177,2018-10-27 13:35:58
TF1810290007602,SH01,39,2018-10-02 12:58:19
TF1810270009152,SH01,150,2018-10-17 11:51:06
TF1810290012594,SH01,182,2018-10-21 01:07:00
TF1810270014155,SH01,187,2018-10-05 02:56:24
TF1810290007893,SH01,99,2018-10-01 07:10:35
TF1810290012950,SH01,42,2018-10-23 09:04:11
608561082,SH01,267,2018-10-11 18:45:47
608561088,SH01,201,2018-10-17 09:08:54
608560650,SH01,44,2018-10-16 02:46:41
608561085,SH01,183,2018-10-13 02:26:09
608561074,SH01,294,2018-10-26 23:47:01
608561077,SH01,3,2018-10-11 18:14:53
608561080,SH01,74,2018-10-06 13:46:47
608561091,SH01,41,2018-10-15 01:30:47
608560651,SH01,98,2018-10-11 00:02:16
608561071,SH01,278,2018-10-27 14:14:58
TF1810270012828,SH01,117,2018-10-20 09:48:37
TF1810270009126,SH01,277,2018-10-14 00:19:31
TF1810270014143,SH01,23,2018-10-30 05:21:19
TF1810290007911,SH01,83,2018-10-26 18:48:37
TF1810290012489,SH01,89,2018-10-08 17:14:18
TF1810290013763,SH01,166,2018-10-24 08:08:57
TF1810290013649,SH01,267,2018-10-15 16:21:46
608561689,SH01,235,2018-10-07 23:58:49
TF1810270008818,SH01,280,2018-10-15 14:22:03
TF1810290007589,SH01,18,2018-10-07 23:14:55
TF1810290008060,SH01,70,2018-10-30 16:31:12
TF1810290007714,SH01,293,2018-10-28 19:15:10
TF1810290012739,SH01,55,2018-10-10 22:56:21
608560659,SH01,37,2018-10-06 20:51:54
608561086,SH01,299,2018-10-30 03:08:35
TF1810290020090,SH01,129,2018-10-22 14:22:14
TF1810300005658,SH01,280,2018-10-25 09:18:18
TF1810300005512,SH01,201,2018-10-02 05:37:18
TF1810300005789,SH01,107,2018-10-12 18:13:06
TF1810290012504,SH01,231,2018-10-26 02:18:51
TF1810270014003,SH01,184,2018-10-01 07:14:42
TF1810290013637,SH01,122,2018-10-23 08:11:29
TF1810270014082,SH01,23,2018-10-12 16:49:19
TF1810290012420,SH01,121,2018-10-10 12:55:21
TF1810270009286,SH01,170,2018-10-19 18:42:11
TF1810290013890,SH01,215,2018-10-04 10:48:49
TF1810290012859,SH01,174,2018-10-18 13:55:38
TF1810290007668,SH01,101,2018-10-30 03:52:33
TF1810290013688,SH01,145,2018-10-17 06:27:37
608562063,SH01,30,2018-10-13 04:42:41
TF1810290013699,SH01,31,2018-10-11 05:40:24
TF1810270013704,SH01,3,2018-10-27 01:51:46
TF1810290013736,SH01,56,2018-10-09 19:17:45
TF1810290017213,SH01,279,2018-10-23 15:56:13
TF1810290013729,SH01,128,2018-10-22 18:24:04
TF1810290012339,SH01,12,2018-10-04 09:24:18
TF1810290012974,SH01,68,2018-10-15 19:29:26
TF1810290013829,SH01,142,2018-10-15 14:53:21
TF1810270013756,SH01,208,2018-10-25 00:11:02
TF1810290007862,SH01,112,2018-10-30 20:52:49
608561084,SH01,107,2018-10-02 18:00:18
608560661,SH01,205,2018-10-30 09:53:17
608561072,SH01,178,2018-10-30 13:29:33
608561078,SH01,288,2018-10-18 20:51:36
608560658,SH01,274,2018-10-22 01:22:44
608561073,SH01,57,2018-10-31 00:33:41
TF1810270014059,SH01,108,2018-10-27 20:42:12
TF1810290012798,SH01,277,2018-10-18 08:08:46
608561092,SH01,101,2018-10-23 11:37:57
608561093,SH01,200,2018-10-22 00:17:55
608560654,SH01,300,2018-10-28 23:07:15
608561079,SH01,24,2018-10-20 20:32:20
608560652,SH01,139,2018-10-07 02:14:34
TF1810290007731,SH01,85,2018-10-26 14:51:29
TF1810290013042,SH01,226,2018-10-26 21:05:48
TF1810290007899,SH01,270,2018-10-09 04:59:29
608560660,SH01,46,2018-10-12 23:01:39
TF1810300005575,SH01,66,2018-10-08 18:35:52
TF1810300005797,SH01,152,2018-10-17 14:10:10
TF1810290013900,SH01,262,2018-10-03 09:58:07
608561076,SH01,68,2018-10-28 11:36:11
608561087,SH01,11,2018-10-18 14:25:49
TF1810300005582,SH01,139,2018-10-16 04:07:57
TF1810300005840,SH01,212,2018-10-15 12:00:18
608569533,SH01,106,2018-10-13 11:11:30
608569328,SH01,166,2018-10-31 01:09:09
TF1810290013125,SH01,214,2018-10-15 22:47:25
608560655,SH01,256,2018-10-27 05:20:18
608561090,SH01,104,2018-10-11 16:31:18
608560657,SH01,37,2018-10-22 01:06:22
608561075,SH01,249,2018-10-02 23:49:07
608560656,SH01,236,2018-10-18 23:43:30
TF1810270013985,SH01,132,2018-10-11 20:19:22
TF1810290013342,SH01,199,2018-10-27 05:17:51
TF1810290013258,SH01,130,2018-10-06 15:38:02
TF1810290012697,SH01,114,2018-10-12 13:15:24
608561081,SH01,158,2018-10-21 01:51:09
608561089,SH01,183,2018-10-12 18:44:22
TF1810300005478,SH01,16,2018-10-06 07:58:46
TF1810290016605,SH01,236,2018-10-26 02:59:25
TF1810290013293,SH01,30,2018-10-22 05:07:11
608561083,SH01,227,2018-10-25 17:09:38
608560662,SH01,229,2018-10-20 22:27:37
608560653,SH01,68,2018-10-02 18:39:36
608569532,SH01,295,2018-10-06 11:26:25
608569534,SH01,184,2018-10-07 05:20:37
TF1810310011628,SH01,265,2018-10-12 03:27:50
608571225,SH01,228,2018-10-10 15:05:49
608507942,SH01,181,2018-10-25 00:22:57
TF1810310005103,SH01,246,2018-10-15 18:16:25
TF1810300011818,SH01,24,2018-10-11 15:07:58
TF1810250011119,SH01,116,2018-10-31 09:33:35
TF1810250011122,SH01,13,2018-10-21 07:30:45
608545819,SH01,11,2018-10-17 07:36:49
608571224,SH01,11,2018-10-31 10:53:21
